{"cameraMode":{"drawMode":0,"name":"Shaded","section":"Shading Mode"},"sceneLighting":false,"audioPlay":false,"sceneViewState":{"m_AlwaysRefresh":false,"showFog":true,"showSkybox":false,"showFlares":true,"showImageEffects":true,"showParticleSystems":true,"showVisualEffectGraphs":true,"m_FxEnabled":true},"in2DMode":false,"pivot":{"x":-0.08166573941707611,"y":1.147262692451477,"z":0.6199551224708557},"rotation":{"x":-0.02745172008872032,"y":0.9712643623352051,"z":-0.13965919613838197,"w":-0.1909775584936142},"size":0.3429211676120758,"orthographic":false}