{"cameraMode":{"drawMode":0,"name":"Shaded","section":"Shading Mode"},"sceneLighting":true,"audioPlay":false,"sceneViewState":{"m_AlwaysRefresh":false,"showFog":true,"showSkybox":true,"showFlares":true,"showImageEffects":true,"showParticleSystems":true,"showVisualEffectGraphs":true,"m_FxEnabled":true},"in2DMode":false,"pivot":{"x":21.83175277709961,"y":12.56884479522705,"z":12.115297317504883},"rotation":{"x":0.49700865149497988,"y":-0.14415186643600465,"z":0.08412747830152512,"w":0.8515523076057434},"size":10.507662773132325,"orthographic":false}