{"cameraMode":{"drawMode":0,"name":"Shaded","section":"Shading Mode"},"sceneLighting":false,"audioPlay":false,"sceneViewState":{"m_AlwaysRefresh":false,"showFog":true,"showSkybox":false,"showFlares":true,"showImageEffects":true,"showParticleSystems":true,"showVisualEffectGraphs":true,"m_FxEnabled":true},"in2DMode":false,"pivot":{"x":0.4448721408843994,"y":1.411836862564087,"z":0.9674696922302246},"rotation":{"x":0.28656062483787539,"y":-0.4905605912208557,"z":0.17482489347457887,"w":0.8042128086090088},"size":0.18835288286209107,"orthographic":false}